timestamp,ticker,price,volume
2025-08-29,AAPL,232.14,39418437
2025-08-29,GOOGL,212.91,39728364
2025-08-29,MSFT,506.69,20961569
2025-08-29,NVDA,174.18,243257873
2025-08-29,AMZN,229.00,26199170
2025-09-02,AAPL,229.72,44075638
2025-09-02,GOOGL,211.35,47523037
2025-09-02,MSFT,505.12,18127995
2025-09-02,NVDA,170.78,231164853
2025-09-02,AMZN,225.34,38843883
2025-09-03,AAPL,238.47,66427835
2025-09-03,GOOGL,230.66,103336125
2025-09-03,MSFT,505.35,16345078
2025-09-03,NVDA,170.62,164424873
2025-09-03,AMZN,225.99,29223134
2025-09-04,AAPL,239.78,47549429
2025-09-04,GOOGL,232.30,51684167
2025-09-04,MSFT,507.97,15509486
2025-09-04,NVDA,171.66,141670144
2025-09-04,AMZN,235.68,59391779
2025-09-05,AAPL,239.69,54870397
2025-09-05,GOOGL,235.00,46588925
2025-09-05,MSFT,495.00,31994846
2025-09-05,NVDA,167.02,224441435
2025-09-05,AMZN,232.33,36721802
2025-09-08,AAPL,237.88,48999495
2025-09-08,GOOGL,234.04,32474743
2025-09-08,MSFT,498.20,16771015
2025-09-08,NVDA,168.31,163769133
2025-09-08,AMZN,235.84,33947104
2025-09-09,AAPL,234.35,66313918
2025-09-09,GOOGL,239.63,38060959
2025-09-09,MSFT,498.41,14410542
2025-09-09,NVDA,170.76,157548392
2025-09-09,AMZN,238.24,27033778
2025-09-10,AAPL,226.79,83440810
2025-09-10,GOOGL,239.17,35141074
2025-09-10,MSFT,500.37,21611816
2025-09-10,NVDA,177.33,226852020
2025-09-10,AMZN,230.33,60907714
2025-09-11,AAPL,230.03,50208578
2025-09-11,GOOGL,240.37,30599328
2025-09-11,MSFT,501.01,18881608
2025-09-11,NVDA,177.17,151159274
2025-09-11,AMZN,229.95,37485598
2025-09-12,AAPL,234.07,55824216
2025-09-12,GOOGL,240.80,26771610
2025-09-12,MSFT,509.90,23624884
2025-09-12,NVDA,177.82,124911026
2025-09-12,AMZN,228.15,38496218
2025-09-15,AAPL,236.70,42699524
2025-09-15,GOOGL,251.61,58383796
2025-09-15,MSFT,515.36,17143786
2025-09-15,NVDA,177.75,147061559
2025-09-15,AMZN,231.43,33243328
2025-09-16,AAPL,238.15,63421099
2025-09-16,GOOGL,251.16,34109720
2025-09-16,MSFT,509.04,19711922
2025-09-16,NVDA,174.88,140737775
2025-09-16,AMZN,234.05,38203912
2025-09-17,AAPL,238.99,46508017
2025-09-17,GOOGL,249.53,34107992
2025-09-17,MSFT,510.02,15816585
2025-09-17,NVDA,170.29,211843817
2025-09-17,AMZN,231.62,42815230
2025-09-18,AAPL,237.88,44249576
2025-09-18,GOOGL,252.03,31239474
2025-09-18,MSFT,508.45,18913696
2025-09-18,NVDA,176.24,191763313
2025-09-18,AMZN,231.23,37931738
2025-09-19,AAPL,245.50,163741314
2025-09-19,GOOGL,254.72,55571424
2025-09-19,MSFT,517.93,52474093
2025-09-19,NVDA,176.67,237182143
2025-09-19,AMZN,231.48,97943172
2025-09-22,AAPL,256.08,105517416
2025-09-22,GOOGL,252.53,32290538
2025-09-22,MSFT,514.45,20009314
2025-09-22,NVDA,183.61,269637001
2025-09-22,AMZN,227.63,45914506
2025-09-23,AAPL,254.43,60275187
2025-09-23,GOOGL,251.66,26628016
2025-09-23,MSFT,509.23,19799580
2025-09-23,NVDA,178.43,192559552
2025-09-23,AMZN,220.71,70956193
2025-09-24,AAPL,252.31,42303710
2025-09-24,GOOGL,247.14,28201003
2025-09-24,MSFT,510.15,13533711
2025-09-24,NVDA,176.97,143564116
2025-09-24,AMZN,220.21,49509033
2025-09-25,AAPL,256.87,55202075
2025-09-25,GOOGL,245.79,31020383
2025-09-25,MSFT,507.03,15786468
2025-09-25,NVDA,177.69,191586733
2025-09-25,AMZN,218.15,52226328
2025-09-26,AAPL,255.46,46076258
2025-09-26,GOOGL,246.54,18503194
2025-09-26,MSFT,511.46,16213129
2025-09-26,NVDA,178.19,148573732
2025-09-26,AMZN,219.78,41650098
2025-09-29,AAPL,254.43,40127687
2025-09-29,GOOGL,244.05,32505777
2025-09-29,MSFT,514.60,17617775
2025-09-29,NVDA,181.85,193063455
2025-09-29,AMZN,222.17,44259177
2025-09-30,AAPL,254.63,37704259
2025-09-30,GOOGL,243.10,34724346
2025-09-30,MSFT,517.95,19728229
2025-09-30,NVDA,186.58,236981032
2025-09-30,AMZN,219.57,48396369
2025-10-01,AAPL,255.45,48713940
2025-10-01,GOOGL,244.90,31658234
2025-10-01,MSFT,519.71,22632336
2025-10-01,NVDA,187.24,173844901
2025-10-01,AMZN,220.63,43933834
2025-10-02,AAPL,257.13,42630239
2025-10-02,GOOGL,245.69,25483298
2025-10-02,MSFT,515.74,21222886
2025-10-02,NVDA,188.89,136805821
2025-10-02,AMZN,222.41,41258586
2025-10-03,AAPL,258.02,49155614
2025-10-03,GOOGL,245.35,30249559
2025-10-03,MSFT,517.35,15112321
2025-10-03,NVDA,187.62,137596896
2025-10-03,AMZN,219.51,43639033
2025-10-06,AAPL,256.69,44664118
2025-10-06,GOOGL,250.43,28894653
2025-10-06,MSFT,528.57,21388581
2025-10-06,NVDA,185.54,157678104
2025-10-06,AMZN,220.90,43690876
2025-10-07,AAPL,256.48,31955776
2025-10-07,GOOGL,245.76,23181285
2025-10-07,MSFT,523.98,14615208
2025-10-07,NVDA,185.04,140088008
2025-10-07,AMZN,221.78,31194678
2025-10-08,AAPL,258.06,36496895
2025-10-08,GOOGL,244.62,21307104
2025-10-08,MSFT,524.85,13363447
2025-10-08,NVDA,189.11,130168861
2025-10-08,AMZN,225.22,46685985
2025-10-09,AAPL,254.04,38322012
2025-10-09,GOOGL,241.53,27892086
2025-10-09,MSFT,522.40,18343602
2025-10-09,NVDA,192.57,182997234
2025-10-09,AMZN,227.74,46412122
2025-10-10,AAPL,245.27,61999098
2025-10-10,GOOGL,236.57,33180323
2025-10-10,MSFT,510.96,24133840
2025-10-10,NVDA,183.16,268774359
2025-10-10,AMZN,216.37,72367511
2025-10-13,AAPL,247.66,38142942
2025-10-13,GOOGL,244.15,24995028
2025-10-13,MSFT,514.05,14284238
2025-10-13,NVDA,188.32,153482755
2025-10-13,AMZN,220.07,37809650
2025-10-14,AAPL,247.77,35477986
2025-10-14,GOOGL,245.45,22111572
2025-10-14,MSFT,513.57,14684300
2025-10-14,NVDA,180.03,205641380
2025-10-14,AMZN,216.39,45665580
2025-10-15,AAPL,249.34,33893611
2025-10-15,GOOGL,251.03,27007690
2025-10-15,MSFT,513.43,14694654
2025-10-15,NVDA,179.83,214450482
2025-10-15,AMZN,215.57,45909469
2025-10-16,AAPL,247.45,39776974
2025-10-16,GOOGL,251.46,27997159
2025-10-16,MSFT,511.61,15559565
2025-10-16,NVDA,181.81,179723309
2025-10-16,AMZN,214.47,42414591
2025-10-17,AAPL,252.29,49146961
2025-10-17,GOOGL,253.30,29671629
2025-10-17,MSFT,513.58,19867765
2025-10-17,NVDA,183.22,173135217
2025-10-17,AMZN,213.04,45986944
2025-10-20,AAPL,262.24,90483029
2025-10-20,GOOGL,256.55,22350077
2025-10-20,MSFT,516.79,14665620
2025-10-20,NVDA,182.64,128541265
2025-10-20,AMZN,216.48,38882819
2025-10-21,AAPL,262.77,46695748
2025-10-21,GOOGL,250.46,47312098
2025-10-21,MSFT,517.66,15586204
2025-10-21,NVDA,181.16,124240168
2025-10-21,AMZN,222.03,50494565
2025-10-22,AAPL,258.45,45011970
2025-10-22,GOOGL,251.69,35029370
2025-10-22,MSFT,520.54,18962694
2025-10-22,NVDA,180.28,162249552
2025-10-22,AMZN,217.95,44308538
2025-10-23,AAPL,259.58,32752139
2025-10-23,GOOGL,253.08,19901325
2025-10-23,MSFT,520.56,14023532
2025-10-23,NVDA,182.16,111357857
2025-10-23,AMZN,221.09,31539699
2025-10-24,AAPL,262.82,38253517
2025-10-24,GOOGL,259.92,28655026
2025-10-24,MSFT,523.61,15532260
2025-10-24,NVDA,186.26,131284997
2025-10-24,AMZN,224.21,38684853
2025-10-27,AAPL,268.81,44888052
2025-10-27,GOOGL,269.27,35235031
2025-10-27,MSFT,531.52,18734716
2025-10-27,NVDA,191.49,153451565
2025-10-27,AMZN,226.97,38266995
2025-10-28,AAPL,269.00,41534547
2025-10-28,GOOGL,267.47,29738554
2025-10-28,MSFT,542.07,29986683
2025-10-28,NVDA,201.03,297970590
2025-10-28,AMZN,229.25,47099924
2025-10-29,AAPL,269.70,51086742
2025-10-29,GOOGL,274.57,43580177
2025-10-29,MSFT,541.55,36023004
2025-10-29,NVDA,207.04,308822352
2025-10-29,AMZN,230.30,52035936
2025-10-30,AAPL,271.40,69886281
2025-10-30,GOOGL,281.48,74875990
2025-10-30,MSFT,525.76,41023088
2025-10-30,NVDA,202.89,178859778
2025-10-30,AMZN,222.86,102252888
2025-10-31,AAPL,270.37,86167123
2025-10-31,GOOGL,281.19,39267645
2025-10-31,MSFT,517.81,34006324
2025-10-31,NVDA,202.49,179798344
2025-10-31,AMZN,244.22,166340683
2025-11-03,AAPL,269.05,50194063
2025-11-03,GOOGL,283.72,29785996
2025-11-03,MSFT,517.03,22374742
2025-11-03,NVDA,206.88,180265342
2025-11-03,AMZN,254.00,95997714
2025-11-04,AAPL,270.04,49271745
2025-11-04,GOOGL,277.54,30078369
2025-11-04,MSFT,514.33,20958663
2025-11-04,NVDA,198.69,188894759
2025-11-04,AMZN,249.32,51546311
2025-11-05,AAPL,270.14,43682972
2025-11-05,GOOGL,284.31,31010102
2025-11-05,MSFT,507.16,23024342
2025-11-05,NVDA,195.21,171348782
2025-11-05,AMZN,250.20,40610602
2025-11-06,AAPL,269.77,51203925
2025-11-06,GOOGL,284.75,37173648
2025-11-06,MSFT,497.10,27406496
2025-11-06,NVDA,188.08,223024989
2025-11-06,AMZN,243.04,46004201
2025-11-07,AAPL,268.47,48227365
2025-11-07,GOOGL,278.83,34479588
2025-11-07,MSFT,496.82,24019744
2025-11-07,NVDA,188.15,264939772
2025-11-07,AMZN,244.41,46374294
2025-11-10,AAPL,269.43,41312312
2025-11-10,GOOGL,290.10,29557309
2025-11-10,MSFT,506.00,26101380
2025-11-10,NVDA,199.05,198884804
2025-11-10,AMZN,248.40,36476474
2025-11-11,AAPL,275.25,46201578
2025-11-11,GOOGL,291.31,19842136
2025-11-11,MSFT,508.68,17980020
2025-11-11,NVDA,193.16,176446659
2025-11-11,AMZN,249.10,23563960
2025-11-12,AAPL,273.47,48395767
2025-11-12,GOOGL,286.71,24829734
2025-11-12,MSFT,511.14,26574851
2025-11-12,NVDA,193.80,154928125
2025-11-12,AMZN,244.20,31190063
2025-11-13,AAPL,272.95,49602794
2025-11-13,GOOGL,278.57,29494038
2025-11-13,MSFT,503.29,25273114
2025-11-13,NVDA,186.86,207420774
2025-11-13,AMZN,237.58,41401638
2025-11-14,AAPL,272.41,47431201
2025-11-14,GOOGL,276.41,31646923
2025-11-14,MSFT,510.18,28505746
2025-11-14,NVDA,190.17,186588499
2025-11-14,AMZN,234.69,38956619
2025-11-17,AAPL,267.46,44958759
2025-11-17,GOOGL,285.02,52670031
2025-11-17,MSFT,507.49,19092752
2025-11-17,NVDA,186.60,173623379
2025-11-17,AMZN,232.87,59918908
2025-11-18,AAPL,267.44,45677270
2025-11-18,GOOGL,284.28,49158743
2025-11-18,MSFT,493.79,33814974
2025-11-18,NVDA,181.36,213594749
2025-11-18,AMZN,222.55,60608442
2025-11-19,AAPL,268.56,40334193
2025-11-19,GOOGL,292.81,68198844
2025-11-19,MSFT,487.12,23245311
2025-11-19,NVDA,186.52,247238094
2025-11-19,AMZN,222.69,58335353
2025-11-20,AAPL,266.25,45728132
2025-11-20,GOOGL,289.45,62024856
2025-11-20,MSFT,478.43,26802442
2025-11-20,NVDA,180.64,343500467
2025-11-20,AMZN,217.14,50308862
2025-11-21,AAPL,271.49,58923249
2025-11-21,GOOGL,299.66,74137472
2025-11-21,MSFT,472.12,31769248
2025-11-21,NVDA,178.88,346920745
2025-11-21,AMZN,220.69,68490453
2025-11-24,AAPL,275.92,65497571
2025-11-24,GOOGL,318.58,85164423
2025-11-24,MSFT,474.00,34421036
2025-11-24,NVDA,182.55,256589462
2025-11-24,AMZN,226.28,54318223
2025-11-25,AAPL,276.97,46824959
2025-11-25,GOOGL,323.44,88631553
2025-11-25,MSFT,476.99,28019793
2025-11-25,NVDA,177.82,320586750
2025-11-25,AMZN,229.67,39379339
2025-11-26,AAPL,277.55,33373748
2025-11-26,GOOGL,319.95,51373318
2025-11-26,MSFT,485.50,25709079
2025-11-26,NVDA,180.26,183807114
2025-11-26,AMZN,229.16,38497719
2025-11-26,AAPL,277.55,33373748
2025-11-26,GOOGL,319.95,51373318
2025-11-26,MSFT,485.50,25709079
2025-11-26,NVDA,180.26,183807114
2025-11-26,AMZN,229.16,38497719
2025-11-28,AAPL,278.85,20100859
2025-11-28,GOOGL,320.18,26018553
2025-11-28,MSFT,492.01,14386670
2025-11-28,NVDA,177.00,121060999
2025-11-28,AMZN,233.22,20250425
2025-12-01,AAPL,283.10,46517247
2025-12-01,GOOGL,314.89,41182956
2025-12-01,MSFT,486.74,23963993
2025-12-01,NVDA,179.92,187740242
2025-12-01,AMZN,233.88,42903594
2025-12-02,AAPL,286.19,53605388
2025-12-02,GOOGL,315.81,35854744
2025-12-02,MSFT,490.00,19562722
2025-12-02,NVDA,181.46,182117064
2025-12-02,AMZN,234.42,45785363
2025-12-03,AAPL,284.15,43511522
2025-12-03,GOOGL,319.63,41838317
2025-12-03,MSFT,477.73,34614900
2025-12-03,NVDA,179.59,164982727
2025-12-03,AMZN,232.38,35495058
2025-12-04,AAPL,280.70,43952485
2025-12-04,GOOGL,317.62,31240824
2025-12-04,MSFT,480.84,22318073
2025-12-04,NVDA,183.38,166889138
2025-12-04,AMZN,229.11,45680903
2025-12-05,AAPL,278.78,47255069
2025-12-05,GOOGL,321.27,28851705
2025-12-05,MSFT,483.16,22608610
2025-12-05,NVDA,182.41,143637787
2025-12-05,AMZN,229.53,33117277
2025-12-08,AAPL,277.89,38186003
2025-12-08,GOOGL,313.72,33880411
2025-12-08,MSFT,491.02,21965785
2025-12-08,NVDA,185.55,203785330
2025-12-08,AMZN,226.89,35019072
2025-12-09,AAPL,277.18,32153772
2025-12-09,GOOGL,317.08,30177370
2025-12-09,MSFT,492.02,14696078
2025-12-09,NVDA,184.97,144376088
2025-12-09,AMZN,227.92,25840496
2025-12-10,AAPL,278.78,33038108
2025-12-10,GOOGL,320.21,33428923
2025-12-10,MSFT,478.56,35748552
2025-12-10,NVDA,183.78,162516200
2025-12-10,AMZN,231.78,38790432
2025-12-11,AAPL,278.03,33184801
2025-12-11,GOOGL,312.43,42149407
2025-12-11,MSFT,483.47,24669020
2025-12-11,NVDA,180.93,181661541
2025-12-11,AMZN,230.28,28248522
2025-12-12,AAPL,278.28,39532644
2025-12-12,GOOGL,309.29,35940070
2025-12-12,MSFT,478.53,21248090
2025-12-12,NVDA,175.02,203813551
2025-12-12,AMZN,226.19,35636939
2025-12-15,AAPL,274.11,50409068
2025-12-15,GOOGL,308.22,29151889
2025-12-15,MSFT,474.82,23727694
2025-12-15,NVDA,176.29,164506902
2025-12-15,AMZN,222.54,47286085
2025-12-16,AAPL,274.61,37648586
2025-12-16,GOOGL,306.57,30585020
2025-12-16,MSFT,476.39,20705547
2025-12-16,NVDA,177.72,148304950
2025-12-16,AMZN,222.56,39293678
2025-12-17,AAPL,271.84,50138543
2025-12-17,GOOGL,296.72,43930057
2025-12-17,MSFT,476.12,24526971
2025-12-17,NVDA,170.94,222339591
2025-12-17,AMZN,221.27,44030569
2025-12-18,AAPL,272.19,51630281
2025-12-18,GOOGL,302.46,33517948
2025-12-18,MSFT,483.98,28573445
2025-12-18,NVDA,174.14,175826146
2025-12-18,AMZN,226.76,50267599
2025-12-19,AAPL,273.67,144567713
2025-12-19,GOOGL,307.16,59943218
2025-12-19,MSFT,485.92,70835999
2025-12-19,NVDA,180.99,324570976
2025-12-19,AMZN,227.35,85539391
2025-12-22,AAPL,270.97,36508230
2025-12-22,GOOGL,309.78,26429618
2025-12-22,MSFT,484.92,16962915
2025-12-22,NVDA,183.69,128875016
2025-12-22,AMZN,228.43,32189837
2025-12-23,AAPL,272.36,29593863
2025-12-23,GOOGL,314.35,25478670
2025-12-23,MSFT,486.85,14683482
2025-12-23,NVDA,189.21,174578344
2025-12-23,AMZN,232.14,29230205
2025-12-24,AAPL,273.81,17892492
2025-12-24,GOOGL,314.09,10097361
2025-12-24,MSFT,488.02,5855880
2025-12-24,NVDA,188.61,65440544
2025-12-24,AMZN,232.38,11392602
2025-12-24,AAPL,273.81,17892492
2025-12-24,GOOGL,314.09,10097361
2025-12-24,MSFT,488.02,5855880
2025-12-24,NVDA,188.61,65440544
2025-12-24,AMZN,232.38,11392602
2025-12-26,AAPL,273.40,21461047
2025-12-26,GOOGL,313.51,10915784
2025-12-26,MSFT,487.71,8842131
2025-12-26,NVDA,190.53,139489058
2025-12-26,AMZN,232.52,15944632
2025-12-29,AAPL,273.76,23676257
2025-12-29,GOOGL,313.56,19621386
2025-12-29,MSFT,487.10,10894354
2025-12-29,NVDA,188.22,119841048
2025-12-29,AMZN,232.07,19791422
2025-12-30,AAPL,273.08,22109594
2025-12-30,GOOGL,313.85,17380685
2025-12-30,MSFT,487.48,13944347
2025-12-30,NVDA,187.54,97511654
2025-12-30,AMZN,232.53,21904242
2025-12-31,AAPL,271.86,27258206
2025-12-31,GOOGL,313.00,16377296
2025-12-31,MSFT,483.62,15635392
2025-12-31,NVDA,186.50,119922172
2025-12-31,AMZN,230.82,24337524
2025-12-31,AAPL,271.86,27258206
2025-12-31,GOOGL,313.00,16377296
2025-12-31,MSFT,483.62,15635392
2025-12-31,NVDA,186.50,119922172
2025-12-31,AMZN,230.82,24337524
2026-01-02,AAPL,271.01,37782525
2026-01-02,GOOGL,315.15,32012970
2026-01-02,MSFT,472.94,25564716
2026-01-02,NVDA,188.85,147894752
2026-01-02,AMZN,226.50,51411952
2026-01-05,AAPL,267.26,45633196
2026-01-05,GOOGL,316.54,30773072
2026-01-05,MSFT,472.85,25237453
2026-01-05,NVDA,188.12,184396413
2026-01-05,AMZN,233.06,49645859
2026-01-06,AAPL,262.36,52260948
2026-01-06,GOOGL,314.34,31878123
2026-01-06,MSFT,478.51,23035109
2026-01-06,NVDA,187.24,175831121
2026-01-06,AMZN,240.93,53732021
2026-01-07,AAPL,260.33,48226901
2026-01-07,GOOGL,321.98,35103592
2026-01-07,MSFT,483.47,25563887
2026-01-07,NVDA,189.11,153160688
2026-01-07,AMZN,241.56,42034601
2026-01-08,AAPL,259.04,50415333
2026-01-08,GOOGL,325.44,31827288
2026-01-08,MSFT,478.11,18163471
2026-01-08,NVDA,185.04,171664545
2026-01-08,AMZN,246.29,39445641
2026-01-09,AAPL,259.37,39654348
2026-01-09,GOOGL,328.57,25895482
2026-01-09,MSFT,479.28,18282830
2026-01-09,NVDA,184.86,128577987
2026-01-09,AMZN,247.38,34034789
2026-01-12,AAPL,260.25,45152883
2026-01-12,GOOGL,331.86,33957326
2026-01-12,MSFT,477.18,23519721
2026-01-12,NVDA,184.94,137689624
2026-01-12,AMZN,246.47,35795205
2026-01-13,AAPL,261.05,45601262
2026-01-13,GOOGL,335.97,33522250
2026-01-13,MSFT,470.67,28489616
2026-01-13,NVDA,185.81,158479038
2026-01-13,AMZN,242.60,38222911
2026-01-14,AAPL,259.96,39934470
2026-01-14,GOOGL,335.84,28522796
2026-01-14,MSFT,459.38,28141028
2026-01-14,NVDA,183.14,158168846
2026-01-14,AMZN,236.65,41297055
2026-01-15,AAPL,258.21,39322613
2026-01-15,GOOGL,332.78,28437746
2026-01-15,MSFT,456.66,23241979
2026-01-15,NVDA,187.05,206515131
2026-01-15,AMZN,238.18,42834083
2026-01-16,AAPL,255.53,72064044
2026-01-16,GOOGL,330.00,40335808
2026-01-16,MSFT,459.86,34246445
2026-01-16,NVDA,186.23,187601620
2026-01-16,AMZN,239.12,45792469
2026-01-16,AAPL,255.53,72064044
2026-01-16,GOOGL,330.00,40335808
2026-01-16,MSFT,459.86,34246445
2026-01-16,NVDA,186.23,187601620
2026-01-16,AMZN,239.12,45792469
2026-01-20,AAPL,246.70,80110363
2026-01-20,GOOGL,322.00,35369369
2026-01-20,MSFT,454.52,26108521
2026-01-20,NVDA,178.07,221411934
2026-01-20,AMZN,231.00,47532847
2026-01-21,AAPL,247.65,54933217
2026-01-21,GOOGL,328.38,35603974
2026-01-21,MSFT,444.11,37939952
2026-01-21,NVDA,183.32,200670025
2026-01-21,AMZN,231.31,47848005
2026-01-22,AAPL,248.35,39706430
2026-01-22,GOOGL,330.54,26250225
2026-01-22,MSFT,451.14,25342856
2026-01-22,NVDA,184.84,145825037
2026-01-22,AMZN,234.34,31912276
2026-01-23,AAPL,248.04,41737195
2026-01-23,GOOGL,327.93,27281679
2026-01-23,MSFT,465.95,38002505
2026-01-23,NVDA,187.67,142755401
2026-01-23,AMZN,239.16,33781876
2026-01-26,AAPL,255.41,55969056
2026-01-26,GOOGL,333.26,26041314
2026-01-26,MSFT,470.28,29289413
2026-01-26,NVDA,186.47,124785647
2026-01-26,AMZN,238.42,32825917
2026-01-27,AAPL,258.27,49648077
2026-01-27,GOOGL,334.55,21635652
2026-01-27,MSFT,480.58,29209069
2026-01-27,NVDA,188.52,143702917
2026-01-27,AMZN,244.68,38220828
2026-01-28,AAPL,256.44,41414623
2026-01-28,GOOGL,336.01,27433928
2026-01-28,MSFT,481.63,36875095
2026-01-28,NVDA,191.52,148548284
2026-01-28,AMZN,243.01,40882158
2026-01-29,AAPL,258.28,67249944
2026-01-29,GOOGL,338.25,39933635
2026-01-29,MSFT,433.50,128714079
2026-01-29,NVDA,192.51,171623344
2026-01-29,AMZN,241.73,47424541
2026-01-30,AAPL,259.48,92441480
2026-01-30,GOOGL,338.00,31022704
2026-01-30,MSFT,430.29,58507249
2026-01-30,NVDA,191.13,179458380
2026-01-30,AMZN,239.30,46606973
2026-02-02,AAPL,270.01,73907067
2026-02-02,GOOGL,343.69,32005949
2026-02-02,MSFT,423.37,42165317
2026-02-02,NVDA,185.61,165685272
2026-02-02,AMZN,242.96,37539012
2026-02-03,AAPL,269.48,64876957
2026-02-03,GOOGL,339.71,36503138
2026-02-03,MSFT,411.21,61279479
2026-02-03,NVDA,180.34,203628558
2026-02-03,AMZN,238.62,53532162
2026-02-04,AAPL,276.49,90524124
2026-02-04,GOOGL,333.04,70717312
2026-02-04,MSFT,414.19,45009670
2026-02-04,NVDA,174.19,206830668
2026-02-04,AMZN,232.99,51292080
2026-02-05,AAPL,275.91,52974789
2026-02-05,GOOGL,331.25,88355285
2026-02-05,MSFT,393.67,66140989
2026-02-05,NVDA,171.88,206372309
2026-02-05,AMZN,222.69,103547053
2026-02-06,AAPL,278.12,50417878
2026-02-06,GOOGL,322.86,56397172
2026-02-06,MSFT,401.14,53509375
2026-02-06,NVDA,185.41,231530920
2026-02-06,AMZN,210.32,181822603
2026-02-09,AAPL,274.62,44620563
2026-02-09,GOOGL,324.32,39638156
2026-02-09,MSFT,413.60,45533430
2026-02-09,NVDA,190.04,196435875
2026-02-09,AMZN,208.72,91185469
2026-02-10,AAPL,273.68,34382285
2026-02-10,GOOGL,318.58,39164303
2026-02-10,MSFT,413.27,44853607
2026-02-10,NVDA,188.54,136808388
2026-02-10,AMZN,206.96,67167978
2026-02-11,AAPL,275.50,51899837
2026-02-11,GOOGL,310.96,45425160
2026-02-11,MSFT,404.37,42484874
2026-02-11,NVDA,190.05,144171547
2026-02-11,AMZN,204.08,65429517
2026-02-12,AAPL,261.73,81063749
2026-02-12,GOOGL,309.00,47752890
2026-02-12,MSFT,401.84,40722419
2026-02-12,NVDA,186.94,189648445
2026-02-12,AMZN,199.60,83760679
2026-02-13,AAPL,255.78,56291457
2026-02-13,GOOGL,305.72,37625166
2026-02-13,MSFT,401.32,34138860
2026-02-13,NVDA,182.81,161876983
2026-02-13,AMZN,198.79,67312148
2026-02-13,AAPL,255.78,56291457
2026-02-13,GOOGL,305.72,37625166
2026-02-13,MSFT,401.32,34138860
2026-02-13,NVDA,182.81,161876983
2026-02-13,AMZN,198.79,67312148
2026-02-17,AAPL,263.88,58505027
2026-02-17,GOOGL,302.02,39241305
2026-02-17,MSFT,396.86,32049760
2026-02-17,NVDA,184.97,162258311
2026-02-17,AMZN,201.15,69860925
2026-02-18,AAPL,264.35,34199653
2026-02-18,GOOGL,303.33,28479396
2026-02-18,MSFT,399.60,23221693
2026-02-18,NVDA,187.98,164764698
2026-02-18,AMZN,204.79,50999189
2026-02-19,AAPL,260.58,30845294
2026-02-19,GOOGL,302.85,25834395
2026-02-19,MSFT,398.46,28234001
2026-02-19,NVDA,187.90,126554526
2026-02-19,AMZN,204.86,35669611
2026-02-20,AAPL,264.58,42070499
2026-02-20,GOOGL,314.98,53210820
2026-02-20,MSFT,397.23,34015249
2026-02-20,NVDA,189.82,178422337
2026-02-20,AMZN,210.11,65881611
2026-02-23,AAPL,266.18,37305403
2026-02-23,GOOGL,311.49,31420649
2026-02-23,MSFT,384.47,44796006
2026-02-23,NVDA,191.55,171579195
2026-02-23,AMZN,205.27,53577646
2026-02-24,AAPL,272.14,47014619
2026-02-24,GOOGL,310.90,25615646
2026-02-24,MSFT,389.00,33884653
2026-02-24,NVDA,192.85,175123602
2026-02-24,AMZN,208.56,41137162
2026-02-25,AAPL,274.23,33711234
2026-02-25,GOOGL,312.90,30270165
2026-02-25,MSFT,400.60,43610243
2026-02-25,NVDA,195.56,249656381
2026-02-25,AMZN,210.64,41344300
2026-02-26,AAPL,272.95,32345114
2026-02-26,GOOGL,307.38,36431231
2026-02-26,MSFT,401.72,34405869
2026-02-26,NVDA,184.89,360807907
2026-02-26,AMZN,207.92,47756765
2026-02-27,AAPL,264.18,72371936
2026-02-27,GOOGL,311.76,44666191
2026-02-27,MSFT,392.74,51435143
2026-02-27,NVDA,177.19,310868240
2026-02-27,AMZN,210.00,57870717
2026-03-02,AAPL,264.72,41827946
2026-03-02,GOOGL,306.52,34790203
2026-03-02,MSFT,398.55,35474907
2026-03-02,NVDA,182.48,209095331
2026-03-02,AMZN,208.39,46001010
2026-03-03,AAPL,263.75,38568921
2026-03-03,GOOGL,303.58,35496961
2026-03-03,MSFT,403.93,38199209
2026-03-03,NVDA,180.05,178099430
2026-03-03,AMZN,208.73,43184918
2026-03-04,AAPL,262.52,39803119
2026-03-04,GOOGL,303.13,29536190
2026-03-04,MSFT,405.20,35807990
2026-03-04,NVDA,183.04,177731198
2026-03-04,AMZN,216.82,54731101
2026-03-05,AAPL,260.29,49658626
2026-03-05,GOOGL,300.88,35752321
2026-03-05,MSFT,410.68,39001315
2026-03-05,NVDA,183.34,198779729
2026-03-05,AMZN,218.94,60943447
2026-03-06,AAPL,257.46,41120042
2026-03-06,GOOGL,298.52,25576916
2026-03-06,MSFT,408.96,31123859
2026-03-06,NVDA,177.82,189021949
2026-03-06,AMZN,213.21,51152716
2026-03-09,AAPL,259.88,38218533
2026-03-09,GOOGL,306.36,29312149
2026-03-09,MSFT,409.41,30131854
2026-03-09,NVDA,182.65,177213588
2026-03-09,AMZN,213.49,54642926
2026-03-10,AAPL,260.83,30590765
2026-03-10,GOOGL,307.04,23239684
2026-03-10,MSFT,405.76,31706375
2026-03-10,NVDA,184.77,179118528
2026-03-10,AMZN,214.33,35678834
2026-03-11,AAPL,260.81,26218927
2026-03-11,GOOGL,308.70,24125714
2026-03-11,MSFT,404.88,25512139
2026-03-11,NVDA,186.03,145280386
2026-03-11,AMZN,212.65,34199303
2026-03-12,AAPL,255.76,40794020
2026-03-12,GOOGL,303.55,24928347
2026-03-12,MSFT,401.86,27263886
2026-03-12,NVDA,183.14,155762663
2026-03-12,AMZN,209.53,44349501
2026-03-13,AAPL,250.12,36929988
2026-03-13,GOOGL,302.28,23693092
2026-03-13,MSFT,395.55,26848000
2026-03-13,NVDA,180.25,160988424
2026-03-13,AMZN,207.67,35662137
2026-03-16,AAPL,252.82,32074209
2026-03-16,GOOGL,305.56,23519709
2026-03-16,MSFT,399.95,27733721
2026-03-16,NVDA,183.22,217307380
2026-03-16,AMZN,211.74,42209316
2026-03-17,AAPL,254.23,32960103
2026-03-17,GOOGL,310.92,21957893
2026-03-17,MSFT,399.41,26227450
2026-03-17,NVDA,181.93,182489378
2026-03-17,AMZN,215.20,44968277
2026-03-18,AAPL,249.94,35757874
2026-03-18,GOOGL,307.69,20009815
2026-03-18,MSFT,391.79,25908484
2026-03-18,NVDA,180.40,156683136
2026-03-18,AMZN,209.87,37846642
2026-03-19,AAPL,248.96,34864082
2026-03-19,GOOGL,307.13,25075831
2026-03-19,MSFT,389.02,25138772
2026-03-19,NVDA,178.56,170968527
2026-03-19,AMZN,208.76,36440622
2026-03-20,AAPL,247.99,88752566
2026-03-20,GOOGL,301.00,44311041
2026-03-20,MSFT,381.87,50837100
2026-03-20,NVDA,172.70,240838479
2026-03-20,AMZN,205.37,63680931
2026-03-23,AAPL,251.49,40546109
2026-03-23,GOOGL,302.06,29326946
2026-03-23,MSFT,383.00,29680059
2026-03-23,NVDA,175.64,182836294
2026-03-23,AMZN,210.14,44277356
2026-03-24,AAPL,251.64,45152288
2026-03-24,GOOGL,290.44,36864278
2026-03-24,MSFT,372.74,42733625
2026-03-24,NVDA,175.20,147667844
2026-03-24,AMZN,207.24,35351425
2026-03-25,AAPL,252.62,28476668
2026-03-25,GOOGL,290.93,29460669
2026-03-25,MSFT,371.04,31181163
2026-03-25,NVDA,178.68,162602054
2026-03-25,AMZN,211.71,36388791
2026-03-26,AAPL,252.89,41796650
2026-03-26,GOOGL,280.92,39080578
2026-03-26,MSFT,365.97,36836574
2026-03-26,NVDA,171.24,186152232
2026-03-26,AMZN,207.54,46745978
2026-03-27,AAPL,248.80,47899998
2026-03-27,GOOGL,274.34,35890612
2026-03-27,MSFT,356.77,37883400
2026-03-27,NVDA,167.52,196212684
2026-03-27,AMZN,199.34,56009763
2026-03-30,AAPL,246.63,39446213
2026-03-30,GOOGL,273.50,35141244
2026-03-30,MSFT,358.96,44797002
2026-03-30,NVDA,165.17,185626992
2026-03-30,AMZN,200.95,46373797
2026-03-31,AAPL,253.79,49598091
2026-03-31,GOOGL,287.56,43875400
2026-03-31,MSFT,370.17,45244365
2026-03-31,NVDA,174.40,226181301
2026-03-31,AMZN,208.27,58470078
2026-04-01,AAPL,255.63,40059432
2026-04-01,GOOGL,297.39,37684462
2026-04-01,MSFT,369.37,29417206
2026-04-01,NVDA,175.75,168132005
2026-04-01,AMZN,210.57,45955395
2026-04-02,AAPL,255.92,31289369
2026-04-02,GOOGL,295.77,21666465
2026-04-02,MSFT,373.46,24099067
2026-04-02,NVDA,177.39,143143157
2026-04-02,AMZN,209.77,31453039
2026-04-02,AAPL,255.92,31289369
2026-04-02,GOOGL,295.77,21666465
2026-04-02,MSFT,373.46,24099067
2026-04-02,NVDA,177.39,143143157
2026-04-02,AMZN,209.77,31453039
2026-04-06,AAPL,258.86,29329911
2026-04-06,GOOGL,299.99,16945494
2026-04-06,MSFT,372.88,16146572
2026-04-06,NVDA,177.64,107564279
2026-04-06,AMZN,212.79,25385495
2026-04-07,AAPL,253.50,62148008
2026-04-07,GOOGL,305.46,23205361
2026-04-07,MSFT,372.29,21443349
2026-04-07,NVDA,178.10,132534902
2026-04-07,AMZN,213.77,28154557
2026-04-08,AAPL,258.90,41032772
2026-04-08,GOOGL,317.32,33547140
2026-04-08,MSFT,374.33,33064818
2026-04-08,NVDA,182.08,147732686
2026-04-08,AMZN,221.25,51092698
2026-04-09,AAPL,260.49,28116607
2026-04-09,GOOGL,318.49,23734838
2026-04-09,MSFT,373.07,30429045
2026-04-09,NVDA,183.91,116417898
2026-04-09,AMZN,233.65,65957742
2026-04-10,AAPL,260.48,31282305
2026-04-10,GOOGL,317.24,19151462
2026-04-10,MSFT,370.87,28192080
2026-04-10,NVDA,188.63,159855249
2026-04-10,AMZN,238.38,56850668
2026-04-13,AAPL,259.20,36231524
2026-04-13,GOOGL,321.31,18863001
2026-04-13,MSFT,384.37,35742052
2026-04-13,NVDA,189.31,133647829
2026-04-13,AMZN,239.89,42160099
2026-04-14,AAPL,258.83,48370710
2026-04-14,GOOGL,332.91,27721351
2026-04-14,MSFT,393.11,37504486
2026-04-14,NVDA,196.51,161307010
2026-04-14,AMZN,249.02,72685026
2026-04-15,AAPL,266.43,49913510
2026-04-15,GOOGL,337.12,24918842
2026-04-15,MSFT,411.22,45063389
2026-04-15,NVDA,198.87,185338388
2026-04-15,AMZN,248.50,43045160
2026-04-16,AAPL,263.40,43323112
2026-04-16,GOOGL,336.02,20541487
2026-04-16,MSFT,420.26,41642361
2026-04-16,NVDA,198.35,134012859
2026-04-16,AMZN,249.70,41895711
2026-04-17,AAPL,270.23,61436228
2026-04-17,GOOGL,341.68,25581881
2026-04-17,MSFT,422.79,48568190
2026-04-17,NVDA,201.68,160324416
2026-04-17,AMZN,250.56,52029291
2026-04-20,AAPL,273.05,36582599
2026-04-20,GOOGL,337.42,18782501
2026-04-20,MSFT,418.07,26828404
2026-04-20,NVDA,202.06,113041463
2026-04-20,AMZN,248.28,39455490
2026-04-21,AAPL,266.17,50192035
2026-04-21,GOOGL,332.29,23114777
2026-04-21,MSFT,424.16,32038475
2026-04-21,NVDA,199.88,107894969
2026-04-21,AMZN,249.91,42912554
2026-04-22,AAPL,273.17,43249204
2026-04-22,GOOGL,339.32,20293014
2026-04-22,MSFT,432.92,29378173
2026-04-22,NVDA,202.50,107501042
2026-04-22,AMZN,255.36,36065067
2026-04-23,AAPL,273.43,33399639
2026-04-23,GOOGL,338.89,18650256
2026-04-23,MSFT,415.75,38307959
2026-04-23,NVDA,199.64,113561830
2026-04-23,AMZN,255.08,39091394
2026-04-24,AAPL,271.06,38147490
2026-04-24,GOOGL,344.40,26419117
2026-04-24,MSFT,424.62,27489557
2026-04-24,NVDA,208.27,213264320
2026-04-24,AMZN,263.99,53826664
2026-04-27,AAPL,267.61,41244618
2026-04-27,GOOGL,350.34,28468214
2026-04-27,MSFT,424.82,30780935
2026-04-27,NVDA,216.61,186322820
2026-04-27,AMZN,261.12,44696105
2026-04-28,AAPL,270.71,40016288
2026-04-28,GOOGL,349.78,27823813
2026-04-28,MSFT,429.25,30436186
2026-04-28,NVDA,213.17,180312711
2026-04-28,AMZN,259.70,42201950
2026-04-29,AAPL,270.17,29838411
2026-04-29,GOOGL,349.94,35376329
2026-04-29,MSFT,424.46,38288487
2026-04-29,NVDA,209.25,123732664
2026-04-29,AMZN,263.04,71734244
2026-04-30,AAPL,271.35,91847875
2026-04-30,GOOGL,384.80,72030416
2026-04-30,MSFT,407.78,70904300
2026-04-30,NVDA,199.57,225243958
2026-04-30,AMZN,265.06,100975160
2026-05-01,AAPL,280.14,79915442
2026-05-01,GOOGL,385.69,30105226
2026-05-01,MSFT,414.44,31372361
2026-05-01,NVDA,198.45,128646996
2026-05-01,AMZN,268.26,50825231
2026-05-04,AAPL,276.83,46668430
2026-05-04,GOOGL,383.25,26370143
2026-05-04,MSFT,413.62,28066525
2026-05-04,NVDA,198.48,125369368
2026-05-04,AMZN,272.05,49083496
2026-05-05,AAPL,284.18,49311712
2026-05-05,GOOGL,388.43,23878626
2026-05-05,MSFT,411.38,25700891
2026-05-05,NVDA,196.50,113406620
2026-05-05,AMZN,273.55,41908529
2026-05-06,AAPL,287.51,58321656
2026-05-06,GOOGL,398.04,31558516
2026-05-06,MSFT,413.96,30285907
2026-05-06,NVDA,207.83,188363339
2026-05-06,AMZN,274.99,44551869
2026-05-07,AAPL,287.44,45224300
2026-05-07,GOOGL,397.99,24433490
2026-05-07,MSFT,420.77,34942445
2026-05-07,NVDA,211.50,168307873
2026-05-07,AMZN,271.17,35892879
2026-05-08,AAPL,293.32,52692761
2026-05-08,GOOGL,400.80,21461849
2026-05-08,MSFT,415.12,33383790
2026-05-08,NVDA,215.20,136421361
2026-05-08,AMZN,272.68,34732681
2026-05-11,AAPL,292.68,42247285
2026-05-11,GOOGL,388.64,30753738
2026-05-11,MSFT,412.66,35657943
2026-05-11,NVDA,219.44,160685774
2026-05-11,AMZN,268.99,38176696
2026-05-12,AAPL,294.80,45748110
2026-05-12,GOOGL,387.35,26017701
2026-05-12,MSFT,407.77,38594221
2026-05-12,NVDA,220.78,159196793
2026-05-12,AMZN,265.82,36776494
2026-05-13,AAPL,298.87,52684260
2026-05-13,GOOGL,402.62,28144555
2026-05-13,MSFT,405.21,29667073
2026-05-13,NVDA,225.83,150405386
2026-05-13,AMZN,270.13,39670915
2026-05-14,AAPL,298.21,35324922
2026-05-14,GOOGL,401.07,21136716
2026-05-14,MSFT,409.43,27077542
2026-05-14,NVDA,235.74,180782857
2026-05-14,AMZN,267.22,31338435
2026-05-15,AAPL,300.23,54862836
2026-05-15,GOOGL,396.78,20309702
2026-05-15,MSFT,421.92,50771160
2026-05-15,NVDA,225.32,180977639
2026-05-15,AMZN,264.14,40770344
2026-05-18,AAPL,297.84,34482959
2026-05-18,GOOGL,396.94,26837196
2026-05-18,MSFT,423.54,32564130
2026-05-18,NVDA,222.32,146280896
2026-05-18,AMZN,264.86,33690787
2026-05-19,AAPL,298.97,42243633
2026-05-19,GOOGL,387.66,39545436
2026-05-19,MSFT,417.42,33018679
2026-05-19,NVDA,220.61,140948296
2026-05-19,AMZN,259.34,40420578
2026-05-20,AAPL,302.25,38229843
2026-05-20,GOOGL,388.91,31744404
2026-05-20,MSFT,421.06,27864016
2026-05-20,NVDA,223.47,184201587
2026-05-20,AMZN,265.01,34933152
2026-05-21,AAPL,304.99,42931848
2026-05-21,GOOGL,387.66,24762967
2026-05-21,MSFT,419.09,31333511
2026-05-21,NVDA,219.51,202132659
2026-05-21,AMZN,268.46,36533411
2026-05-22,AAPL,308.82,43670223
2026-05-22,GOOGL,382.97,20442123
2026-05-22,MSFT,418.57,22390344
2026-05-22,NVDA,215.33,169275710
2026-05-22,AMZN,266.32,27535526
2026-05-22,AAPL,308.82,43670223
2026-05-22,GOOGL,382.97,20442123
2026-05-22,MSFT,418.57,22390344
2026-05-22,NVDA,215.33,169275710
2026-05-22,AMZN,266.32,27535526
2026-05-26,AAPL,308.33,48000493
2026-05-26,GOOGL,388.88,27747388
2026-05-26,MSFT,416.03,30398049
2026-05-26,NVDA,214.86,187202576
2026-05-26,AMZN,265.29,38028118
2026-05-27,AAPL,310.85,50825646
2026-05-27,GOOGL,388.83,23086928
2026-05-27,MSFT,412.67,28902790
2026-05-27,NVDA,212.60,167605751
2026-05-27,AMZN,271.85,40061121
2026-05-28,AAPL,312.51,49119581
2026-05-28,GOOGL,390.13,24357223
2026-05-28,MSFT,426.99,47245334
2026-05-28,NVDA,214.25,143955744
2026-05-28,AMZN,274.00,40629218
2026-05-29,AAPL,312.06,70026752
2026-05-29,GOOGL,380.34,44415846
2026-05-29,MSFT,450.24,79654376
2026-05-29,NVDA,211.14,289410623
2026-05-29,AMZN,270.64,54749561
2026-06-01,AAPL,306.31,48849933
2026-06-01,GOOGL,376.37,28672120
2026-06-01,MSFT,460.52,53628910
2026-06-01,NVDA,224.36,212850685
2026-06-01,AMZN,261.26,53604380
